university,city,country,region
Massachusetts Institute of Technology (MIT) ,Cambridge,United States,North America
Stanford University,Stanford,United States,North America
Harvard University,Cambridge,United States,North America
California Institute of Technology (Caltech),Pasadena,United States,North America
University of Oxford,Oxford,United Kingdom,Europe
ETH Zurich - Swiss Federal Institute of Technology,Zürich,Switzerland,Europe
University of Cambridge,Cambridge,United Kingdom,Europe
Imperial College London,London,United Kingdom,Europe
University of Chicago,Chicago,United States,North America
UCL,London,United Kingdom,Europe
National University of Singapore (NUS),Singapore,Singapore,Asia
Princeton University,Princeton,United States,North America
"Nanyang Technological University, Singapore (NTU)",Singapore,Singapore,Asia
EPFL,Lausanne,Switzerland,Europe
Tsinghua University,Beijing,China (Mainland),Asia
University of Pennsylvania,Philadelphia,United States,North America
Yale University,New Haven,United States,North America
Cornell University,Ithaca,United States,North America
Columbia University,New York City,United States,North America
The University of Edinburgh,Edinburgh,United Kingdom,Europe
University of Michigan-Ann Arbor,Ann Arbor,United States,North America
The University of Hong Kong,Hong Kong,Hong Kong SAR,Asia
Peking University,Beijing,China (Mainland),Asia
The University of Tokyo,Tokyo,Japan,Asia
Johns Hopkins University,Baltimore,United States,North America
University of Toronto,Toronto,Canada,North America
The Hong Kong University of Science and Technology,Hong Kong,Hong Kong SAR,Asia
The University of Manchester,Manchester,United Kingdom,Europe
Northwestern University,Evanston,United States,North America
"University of California, Berkeley (UCB)",Berkeley,United States,North America
The Australian National University,Canberra,Australia,Oceania
King's College London,London,United Kingdom,Europe
McGill University,Montreal,Canada,North America
Fudan University,Shanghai,China (Mainland),Asia
New York University (NYU),New York City,United States,North America
"University of California, Los Angeles (UCLA)",Los Angeles,United States,North America
Seoul National University,Seoul,South Korea,Asia
Kyoto University,Kyoto,Japan,Asia
KAIST - Korea Advanced Institute of Science & Technology,Daejeon,South Korea,Asia
The University of Sydney,Sydney,Australia,Oceania
The University of Melbourne,Parkville,Australia,Oceania
Duke University,Durham,United States,North America
The Chinese University of Hong Kong (CUHK),Hong Kong,Hong Kong SAR,Asia
The University of New South Wales (UNSW Sydney),Sydney,Australia,Oceania
University of British Columbia,Vancouver,Canada,North America
The University of Queensland,Brisbane,Australia,Oceania
Shanghai Jiao Tong University,Shanghai,China (Mainland),Asia
City University of Hong Kong,Hong Kong,Hong Kong SAR,Asia
The London School of Economics and Political Science (LSE),London,United Kingdom,Europe
Technical University of Munich,Munich,Germany,Europe
Carnegie Mellon University,Pittsburgh,United States,North America
Université PSL,,France,Europe
Zhejiang University,Hangzhou,China (Mainland),Asia
"University of California, San Diego (UCSD)",San Diego,United States,North America
Monash University,Melbourne,Australia,Oceania
Tokyo Institute of Technology (Tokyo Tech),Tokyo,Japan,Asia
Delft University of Technology,Delft,Netherlands,Europe
University of Bristol,Bristol,United Kingdom,Europe
Universiti Malaya (UM),Kuala Lumpur,Malaysia,Asia
Brown University,Providence,United States,North America
University of Amsterdam,Amsterdam,Netherlands,Europe
Ecole Polytechnique,Palaiseau,France,Europe
The University of Warwick,Coventry,United Kingdom,Europe
Ludwig-Maximilians-Universität München,Munich,Germany,Europe
Ruprecht-Karls-Universität Heidelberg,Heidelberg,Germany,Europe
University of Wisconsin-Madison,Madison,United States,North America
National Taiwan University (NTU),Taipei City,Taiwan,Asia
Universidad de Buenos Aires (UBA),Buenos Aires,Argentina,Latin America
Korea University,Seoul,South Korea,Asia
University of Zurich,Zürich,Switzerland,Europe
University of Texas at Austin,Austin,United States,North America
Osaka University,Osaka City,Japan,Asia
University of Washington,Seattle,United States,North America
Lomonosov Moscow State University,Moscow,Russia,Europe
The Hong Kong Polytechnic University,Hong Kong,Hong Kong SAR,Asia
University of Copenhagen,Copenhagen,Denmark,Europe
Pohang University of Science And Technology (POSTECH),Pohang ,South Korea,Asia
University of Glasgow,Glasgow,United Kingdom,Europe
Tohoku University,Sendai City,Japan,Asia
Georgia Institute of Technology,Atlanta,United States,North America
The University of Auckland,Auckland,New Zealand,Oceania
University of Illinois at Urbana-Champaign,Champaign,United States,North America
Sorbonne University,,France,Europe
KU Leuven,Leuven,Belgium,Europe
Durham University,Durham,United Kingdom,Europe
Yonsei University,Seoul,South Korea,Asia
University of Birmingham,Birmingham,United Kingdom,Europe
Sungkyunkwan University(SKKU),Suwon,South Korea,Asia
Rice University,Houston,United States,North America
University of Southampton,Southampton,United Kingdom,Europe
University of Leeds,Leeds,United Kingdom,Europe
The University of Western Australia,Perth,Australia,Oceania
The University of Sheffield,Sheffield,United Kingdom,Europe
University of Science and Technology of China,Hefei,China (Mainland),Asia
"University of North Carolina, Chapel Hill",Chapel Hill,United States,North America
University of St Andrews,St. Andrews,United Kingdom,Europe
Lund University,Lund,Sweden,Europe
KTH Royal Institute of Technology ,Stockholm,Sweden,Europe
University of Nottingham,Nottingham,United Kingdom,Europe
Universidad Nacional Autónoma de México  (UNAM),Mexico City,Mexico,Latin America
Pennsylvania State University,University Park,United States,North America
"Trinity College Dublin, The University of Dublin",Dublin,Ireland,Europe
Technical University of Denmark,Kongens Lyngby,Denmark,Europe
University of Helsinki,Helsinki,Finland,Europe
Washington University in St. Louis,St. Louis,United States,North America
The University of Adelaide,Adelaide,Australia,Oceania
University of Geneva,Geneva,Switzerland,Europe
The Ohio State University,Columbus,United States,North America
Purdue University,West Lafayette,United States,North America
Boston University,Boston,United States,North America
Nagoya University,Nagoya,Japan,Asia
"University of California, Davis",Davis,United States,North America
University of Oslo,Oslo,Norway,Europe
University of Bern,Bern,Switzerland,Europe
Queen Mary University of London,London,United Kingdom,Europe
Universidade de São Paulo,São Paulo,Brazil,Latin America
Wageningen University & Research,Wageningen,Netherlands,Europe
Humboldt-Universität zu Berlin,Berlin,Germany,Europe
Université de Montréal ,Montreal,Canada,North America
University of Alberta,Edmonton,Canada,North America
Eindhoven University of Technology,Eindhoven,Netherlands,Europe
Pontificia Universidad Católica de Chile (UC),Santiago,Chile,Latin America
University of Southern California,Los Angeles,United States,North America
Utrecht University,Utrecht,Netherlands,Europe
Kyushu University,Fukuoka City,Japan,Asia
Nanjing University,Nanjing,China (Mainland),Asia
Uppsala University,Uppsala,Sweden,Europe
Aalto University,Espoo,Finland,Europe
Leiden University,Leiden,Netherlands,Europe
University of Groningen,Groningen,Netherlands,Europe
Freie Universitaet Berlin,Berlin,Germany,Europe
"KIT, Karlsruhe Institute of Technology",Karlsruhe,Germany,Europe
Universiti Putra Malaysia (UPM),Seri Kembangan,Malaysia,Asia
University of Technology Sydney,Haymarket,Australia,Oceania
Lancaster University,Lancaster,United Kingdom,Europe
Ghent University,Ghent,Belgium,Europe
Politecnico di Milano,Milan,Italy,Europe
CentraleSupélec,Saint-Aubin,France,Europe
Chalmers University of Technology,Gothenburg,Sweden,Europe
Hokkaido University,Sapporo,Japan,Asia
Universiti Kebangsaan Malaysia (UKM),Bangi,Malaysia,Asia
Universiti Sains Malaysia (USM),Gelugor,Malaysia,Asia
King Abdulaziz University (KAU),Jeddah,Saudi Arabia,Asia
McMaster University,Hamilton,Canada,North America
RWTH Aachen University,Aachen,Germany,Europe
Hanyang University,Seoul,South Korea,Asia
Aarhus University,,Denmark,Europe
Technische Universität Berlin (TU Berlin),Berlin,Germany,Europe
University of Basel,Basel,Switzerland,Europe
University of Vienna,Vienna,Austria,Europe
University of York,York,United Kingdom,Europe
Newcastle University,Newcastle upon Tyne,United Kingdom,Europe
"University of California, Santa Barbara (UCSB)",Santa Barbara,United States,North America
"University of Maryland, College Park",College Park,United States,North America
Tecnológico de Monterrey,Monterrey,Mexico,Latin America
University of Pittsburgh,Pittsburgh,United States,North America
Michigan State University,East Lansing,United States,North America
Emory University,Atlanta,United States,North America
Cardiff University,Cardiff,United Kingdom,Europe
Alma Mater Studiorum - University of Bologna,Bologna,Italy,Europe
École Normale Supérieure de Lyon,Lyon,France,Europe
Case Western Reserve University,Cleveland,United States,North America
University of Florida,Gainesville,United States,North America
The University of Exeter,Exeter,United Kingdom,Europe
University of Rochester,Rochester,United States,North America
Al-Farabi Kazakh National University,Almaty,Kazakhstan,Asia
University of Waterloo,Waterloo,Canada,North America
National Tsing Hua University,Hsinchu City,Taiwan,Asia
Texas A&M University,College Station,United States,North America
University of Lausanne,Lausanne,Switzerland,Europe
Sapienza University of Rome,Rome,Italy,Europe
Indian Institute of Technology Bombay (IITB),Mumbai,India,Asia
Technische Universität Dresden,Dresden,Germany,Europe
University of Bath,Bath,United Kingdom,Europe
Eberhard Karls Universität Tübingen,Tübingen,Germany,Europe
Albert-Ludwigs-Universitaet Freiburg,Freiburg im Breisgau,Germany,Europe
The Hebrew University of Jerusalem,Jerusalem,Israel,Asia
University College Dublin,Dublin,Ireland,Europe
University of Minnesota Twin Cities,Minneapolis,United States,North America
Universidad de Chile,Santiago,Chile,Latin America
Stockholm University,Stockholm,Sweden,Europe
University of Liverpool,Liverpool,United Kingdom,Europe
Universitat de Barcelona,Barcelona,Spain,Europe
University of Otago,Dunedin,New Zealand,Oceania
Indian Institute of Science,Bangalore,India,Asia
King Fahd University of Petroleum & Minerals,Dhahran,Saudi Arabia,Asia
Universiti Teknologi Malaysia ,Skudai,Malaysia,Asia
Vanderbilt University,Nashville,United States,North America
Université catholique de Louvain (UCLouvain),Louvain-la-Neuve,Belgium,Europe
Waseda University,Tokyo,Japan,Asia
Keio University,Tokyo,Japan,Asia
Technische Universität Wien,Vienna,Austria,Europe
Indian Institute of Technology Delhi (IITD),New Delhi,India,Asia
University of Bergen,Bergen,Norway,Europe
University of Göttingen,Göttingen,Germany,Europe
University of Wollongong,Wollongong,Australia,Oceania
Erasmus University Rotterdam ,Rotterdam,Netherlands,Europe
"The University of Newcastle, Australia (UON)",Callaghan,Australia,Oceania
University of Twente,Enschede,Netherlands,Europe
Universidad Autónoma de Madrid,Madrid,Spain,Europe
Vrije Universiteit Brussel (VUB),Brussels,Belgium,Europe
University of Gothenburg,Gothenburg,Sweden,Europe
Dartmouth College,Hanover,United States,North America
Western University,London,Canada,North America
University of Reading,Reading,United Kingdom,Europe
Complutense University of Madrid,Madrid,Spain,Europe
University of Aberdeen,Aberdeen,United Kingdom,Europe
Chulalongkorn University,Bangkok,Thailand,Asia
Queen's University Belfast,,United Kingdom,Europe
"University of California, Irvine",Irvine,United States,North America
Khalifa University,Abu Dhabi,United Arab Emirates,Asia
University of Notre Dame,Notre Dame,United States,North America
Universitat Autònoma de Barcelona,Barcelona,Spain,Europe
Macquarie University,Sydney,Australia,Oceania
Radboud University ,Nijmegen,Netherlands,Europe
Università di Padova,Padua,Italy,Europe
Curtin University,Perth,Australia,Oceania
Queensland University of Technology (QUT),Brisbane,Australia,Oceania
University of Virginia,Charlottesville,United States,North America
American University of Beirut (AUB),Beirut ,Lebanon,Asia
Arizona State University,Phoenix,United States,North America
University of Cape Town,Cape Town,South Africa,Africa
RMIT University,Melbourne,Australia,Oceania
Victoria University of Wellington,"Kelburn, Wellington",New Zealand,Oceania
Saint Petersburg State University,Saint Petersburg,Russia,Europe
Loughborough University,Loughborough,United Kingdom,Europe
Universidad de los Andes,Bogotá,Colombia,Latin America
Novosibirsk State University,Novosibirsk ,Russia,Europe
Universität Hamburg,Hamburg,Germany,Europe
Georgetown University,Washington D.C.,United States,North America
Tel Aviv University,Tel Aviv,Israel,Asia
University of Colorado Boulder,Boulder,United States,North America
Universidade Estadual de Campinas (Unicamp),Campinas,Brazil,Latin America
Maastricht University ,Maastricht,Netherlands,Europe
National Cheng Kung University (NCKU),Tainan City,Taiwan,Asia
Kyung Hee University,,South Korea,Asia
Vrije Universiteit Amsterdam,Amsterdam,Netherlands,Europe
National University of Ireland Galway,Galway,Ireland,Europe
University of Antwerp,Antwerp,Belgium,Europe
National Chiao Tung University,Hsinchu City,Taiwan,Asia
Rheinische Friedrich-Wilhelms-Universität Bonn,Bonn,Germany,Europe
Ecole des Ponts ParisTech,Paris,France,Europe
Sciences Po ,Dijon,France,Europe
University of Leicester,Leicester,United Kingdom,Europe
Qatar University,Doha,Qatar,Asia
Queen's University at Kingston,Kingston,Canada,North America
University of Calgary,Calgary,Canada,North America
University of Sussex,Brighton,United Kingdom,Europe
Wuhan University,Wuhan,China (Mainland),Asia
Tomsk State University,Tomsk,Russia,Europe
Universite libre de Bruxelles,Brussels,Belgium,Europe
Mahidol University,Nakhon Pathom,Thailand,Asia
University of Navarra,Pamplona,Spain,Europe
Gadjah Mada University,Yogyakarta,Indonesia,Asia
Universiti Brunei Darussalam (UBD),Bandar Seri Begawan,Brunei,Asia
Tongji University,Shanghai,China (Mainland),Asia
University of Illinois at Chicago (UIC),Chicago,United States,North America
Rutgers University–New Brunswick,New Brunswick,United States,North America
Universidad Nacional de Colombia,Bogotá,Colombia,Latin America
Charles University,Prague,Czech Republic,Europe
Harbin Institute of Technology,Harbin,China (Mainland),Asia
Tufts University,Medford,United States,North America
Sun Yat-sen University,Guangzhou,China (Mainland),Asia
Hong Kong Baptist University,Hong Kong,Hong Kong SAR,Asia
Universität Innsbruck,Innsbruck,Austria,Europe
University of Tsukuba,Tsukuba City,Japan,Asia
National Taiwan University of Science and Technology (Taiwan Tech),Taipei City,Taiwan,Asia
Technical University of Darmstadt,Darmstadt,Germany,Europe
University of Surrey,Guildford,United Kingdom,Europe
University of Canterbury | Te Whare Wānanga o Waitaha,Christchurch,New Zealand,Oceania
University of Massachusetts Amherst,Amherst,United States,North America
Massey University,Palmerston North,New Zealand,Oceania
USI - Università della Svizzera italiana,Lugano,Switzerland,Europe
The University of Arizona,Tucson,United States,North America
Deakin University,Geelong,Australia,Oceania
Indian Institute of Technology Madras (IITM),Chennai,India,Asia
Graz University of Technology,Graz,Austria,Europe
Université de Paris,Paris,France,Europe
Beijing Normal University ,Beijing,China (Mainland),Asia
University of Ottawa,Ottawa,Canada,North America
Moscow Institute of Physics and Technology (MIPT / Moscow Phystech),Dolgoprudny,Russia,Europe
Bauman Moscow State Technical University,Moscow,Russia,Europe
University of Cologne,Cologne,Germany,Europe
United Arab Emirates University,Al Ain,United Arab Emirates,Asia
University of Tartu,Tartu,Estonia,Europe
University College Cork,Cork,Ireland,Europe
King Saud University,Riyadh,Saudi Arabia,Asia
Universitat Pompeu Fabra (Barcelona),Barcelona,Spain,Europe
Université Paris 1 Panthéon-Sorbonne ,Paris,France,Europe
University of Turku,Turku,Finland,Europe
Dalhousie University,Halifax,Canada,North America
ENS Paris-Saclay,Cachan,France,Europe
Technion - Israel Institute of Technology,Haifa,Israel,Asia
University of Miami,Miami,United States,North America
Gwangju Institute of Science and Technology (GIST),Gwangju,South Korea,Asia
North Carolina State University,Raleigh,United States,North America
University of South Australia,Magill,Australia,Oceania
HSE University,Moscow,Russia,Europe
National Yang Ming University,Taipei City,Taiwan,Asia
University of Strathclyde,Glasgow,United Kingdom,Europe
Heriot-Watt University,Edinburgh,United Kingdom,Europe
University of Milan,Milan,Italy,Europe
Griffith University,Nathan,Australia,Oceania
Xi’an Jiaotong University,Xi'an,China (Mainland),Asia
Aalborg University,Aalborg,Denmark,Europe
Université Paris-Saclay,,France,Europe
Universitas Indonesia,Depok,Indonesia,Asia
Universität Mannheim,Mannheim,Germany,Europe
Politecnico di Torino,Turin,Italy,Europe
Royal Holloway University of London,Egham,United Kingdom,Europe
University of Tasmania,Hobart,Australia,Oceania
Universidad Carlos III de Madrid (UC3M),Madrid,Spain,Europe
Goethe-University Frankfurt am Main,Frankfurt,Germany,Europe
Bandung Institute of Technology (ITB),Bandung,Indonesia,Asia
Indian Institute of Technology Kharagpur (IIT-KGP),Kharagpur,India,Asia
National Research Nuclear University MEPhI (Moscow Engineering Physics Institute),Moscow,Russia,Europe
Universitat Politècnica de Catalunya · BarcelonaTech (UPC),Barcelona,Spain,Europe
Belarusian State University,Minsk,Belarus,Europe
Friedrich-Alexander-Universität Erlangen-Nürnberg,Erlangen,Germany,Europe
 University of Dundee,Dundee,United Kingdom,Europe
Indiana University Bloomington,Bloomington,United States,North America
Hiroshima University,Higashihiroshima City,Japan,Asia
University of Warsaw ,Warsaw,Poland,Europe
Simon Fraser University,Burnaby,Canada,North America
Southern University of Science and Technology,,China (Mainland),Asia
Universität Jena,Jena,Germany,Europe
IE University,Segovia,Spain,Europe
Jagiellonian University,Krakow,Poland,Europe
Pontificia Universidad Católica Argentina,Buenos Aires,Argentina,Latin America
RUDN University,Moscow,Russia,Europe
Universitat Politècnica de València,València,Spain,Europe
Virginia Polytechnic Institute and State University,Blacksburg,United States,North America
National Taiwan Normal University,Taipei City,Taiwan,Asia
Ural Federal University - UrFU,Ekaterinburg,Russia,Europe
Ewha Womans University,Seoul,South Korea,Asia
Umea University,Umeå,Sweden,Europe
Universität Stuttgart,Stuttgart,Germany,Europe
University of East Anglia (UEA),Norwich,United Kingdom,Europe
University of Hawaiʻi at Mānoa,Honolulu,United States,North America
University of Jyväskylä,Jyväskylä,Finland,Europe
University of Utah,Salt Lake City,United States,North America
Yeshiva University,New York City,United States,North America
Université Grenoble Alpes,Grenoble,France,Europe
"University of Chemistry and Technology, Prague",Prague,Czech Republic,Europe
"Birkbeck, University of London",London,United Kingdom,Europe
University Ulm,Ulm,Germany,Europe
SOAS University of London ,London,United Kingdom,Europe
University at Buffalo SUNY,Buffalo,United States,North America
American University of Sharjah,Sharjah,United Arab Emirates,Asia
MGIMO University,Moscow,Russia,Europe
"City, University of London",London,United Kingdom,Europe
Indian Institute of Technology Kanpur (IITK),Kanpur,India,Asia
Universiti Teknologi Brunei,Bandar Seri Begawan,Brunei,Asia
George Washington University,Ashburn,United States,North America
University of Southern Denmark (SDU),Odense,Denmark,Europe
National University of Sciences And Technology (NUST) Islamabad,Islamabad,Pakistan,Asia
Westfälische Wilhelms-Universität Münster ,Münster,Germany,Europe
L.N. Gumilyov Eurasian National University (ENU),Nur-Sultan,Kazakhstan,Asia
University of Lisbon ,Lisbon ,Portugal,Europe
University of Porto,Porto,Portugal,Europe
ITMO University,St. Petersburg,Russia,Europe
Norwegian University of Science And Technology,Trondheim,Norway,Europe
Johannes Kepler University Linz,Linz,Austria,Europe
Linköping University,Linköping,Sweden,Europe
Northeastern University,Boston,United States,North America
Tokyo Medical and Dental University (TMDU),Tokyo,Japan,Asia
University of Macau,,Macau SAR,Asia
Brunel University London,,United Kingdom,Europe
Tilburg University,Tilburg,Netherlands,Europe
Kazan (Volga region) Federal University,Kazan,Russia,Europe
University of Victoria (UVic),Victoria,Canada,North America
Swinburne University of Technology,Melbourne,Australia,Oceania
Pakistan Institute of Engineering and Applied Sciences (PIEAS),Islamabad,Pakistan,Asia
"Stony Brook University, State University of New York",Stony Brook,United States,North America
Sultan Qaboos University,Muscat,Oman,Asia
University of Waikato,Hamilton ,New Zealand,Oceania
Nankai University,Tianjin,China (Mainland),Asia
Universidad de Palermo (UP),Buenos Aires,Argentina,Latin America
Taylor's University,Subang Jaya,Malaysia,Asia
Universidade Federal do Rio de Janeiro,Rio de Janeiro,Brazil,Latin America
University of Kent,Paris,United Kingdom,Europe
Wake Forest University,Winston-Salem,United States,North America
Indian Institute of Technology Roorkee (IITR),Roorkee,India,Asia
Oxford Brookes University,,United Kingdom,Europe
University of Pisa,Pisa,Italy,Europe
University of Kansas,Lawrence,United States,North America
Lincoln University ,Lincoln,New Zealand,Oceania
Shanghai University,Shanghai,China (Mainland),Asia
Taipei Medical University (TMU),Taipei City,Taiwan,Asia
Tianjin University,Nankai,China (Mainland),Asia
UCSI University,,Malaysia,Asia
Beijing Institute of Technology,Beijing,China (Mainland),Asia
HUFS - Hankuk (Korea) University of Foreign Studies ,Seoul,South Korea,Asia
University of Naples - Federico II,Naples,Italy,Europe
Università Vita-Salute San Raffaele,Milan,Italy,Europe
Huazhong University of Science and Technology,Wuhan,China (Mainland),Asia
University of the Philippines,Quezon City,Philippines,Asia
La Trobe University,Melbourne,Australia,Oceania
Université de Strasbourg,Strasbourg,France,Europe
"University of Colorado, Denver ",Denver,United States,North America
Peter the Great St. Petersburg Polytechnic University,St. Petersburg,Russia,Europe
National Research Tomsk Polytechnic University,,Russia,Europe
Chung-Ang University (CAU),Seoul,South Korea,Asia
Johannes Gutenberg Universität Mainz,Mainz,Germany,Europe
Kobe University,Kobe City,Japan,Asia
University of Trento,Trento,Italy,Europe
University of Witwatersrand,Johannesburg,South Africa,Africa
University of Oulu,Oulu,Finland,Europe
Sharif University of Technology,Tehran,"Iran, Islamic Republic of",Asia
Tampere University,Tampere,Finland,Europe
The American University in Cairo,Cairo,Egypt,Africa
"Essex, University of",Colchester,United Kingdom,Europe
Washington State University,Pullman,United States,North America
Bond University,Gold Coast,Australia,Oceania
Tulane University,New Orleans,United States,North America
"Goldsmiths, University of London",London,United Kingdom,Europe
National Sun Yat-sen University,Kaohsiung City,Taiwan,Asia
"University of California, Santa Cruz",Santa Cruz,United States,North America
University of Tromsø The Arctic University of Norway,Tromsø,Norway,Europe
Université Laval,Québec,Canada,North America
Universidade Federal de São Paulo,São Paulo,Brazil,Latin America
University of Iowa,Iowa City,United States,North America
Flinders University,Adelaide,Australia,Oceania
Vilnius University ,Vilnius,Lithuania,Europe
University of Bordeaux,Talence,France,Europe
Illinois Institute of Technology,Chicago,United States,North America
Pontificia Universidad Javeriana,Bogotá,Colombia,Latin America
The National University of Science and Technology MISIS,Moscow,Russia,Europe
Universidade Nova de Lisboa,Lisbon,Portugal,Europe
University of St.Gallen (HSG),St. Gallen,Switzerland,Europe
University of Coimbra,Coimbra,Portugal,Europe
Czech Technical University in Prague,Prague,Czech Republic,Europe
Pontificia Universidad Católica del Perú,Lima,Peru,Latin America
University of Florence,Florence,Italy,Europe
"The University of Tennessee, Knoxville",Knoxville,United States,North America
Xiamen University,Xiamen,China (Mainland),Asia
Auckland University of Technology (AUT),Auckland,New Zealand,Oceania
Julius-Maximilians-Universität Würzburg,Würzburg,Germany,Europe
Dublin City University,Dublin,Ireland,Europe
Ruhr-Universität Bochum,Bochum,Germany,Europe
Universiti Teknologi PETRONAS (UTP),Seri Iskandar,Malaysia,Asia
University of Johannesburg,Johannesburg,South Africa,Africa
Colorado State University,Fort Collins,United States,North America
Universidad Austral,Pilar,Argentina,Latin America
Universität Konstanz,Konstanz,Germany,Europe
Ben-Gurion University of The Negev,Be'er Sheva,Israel,Asia
Brandeis University,Waltham,United States,North America
University of Science and Technology Beijing,Beijing,China (Mainland),Asia
Beihang University (former BUAA),Beijing,China (Mainland),Asia
"University of California, Riverside",Riverside,United States,North America
Universidad Politécnica de Madrid (UPM),Madrid,Spain,Europe
Universität des Saarlandes,Saarbrücken,Germany,Europe
Université de Liège,Arlon,Belgium,Europe
Boston College,Newton,United States,North America
Quaid-i-Azam University,Islamabad,Pakistan,Asia
Dongguk University ,Seoul,South Korea,Asia
Florida State University,Tallahassee,United States,North America
Hasselt University ,Diepenbeek,Belgium,Europe
Stellenbosch University,Stellenbosch,South Africa,Africa
The Catholic University of Korea ,Gyeonggi,South Korea,Asia
University of Canberra ,Bruce,Australia,Oceania
James Cook University,Townsville,Australia,Oceania
South China University of Technology,Guangzhou,China (Mainland),Asia
Universidad ORT Uruguay,Montevideo,Uruguay,Latin America
Koç University,Istanbul,Turkey,Asia
National Central University,Taoyuan City,Taiwan,Asia
Universidad de Belgrano,Buenos Aires,Argentina,Latin America
University of Saskatchewan,Saskatoon,Canada,North America
Yokohama City University,Yokohama City,Japan,Asia
Indian Institute of Technology Guwahati (IITG),Guwahati,India,Asia
Lappeenranta-Lahti University of Technology LUT,Lappeenranta ,Finland,Europe
Martin-Luther-Universität Halle-Wittenberg,Halle,Germany,Europe
Rensselaer Polytechnic Institute,Troy,United States,North America
Swansea University,Swansea,United Kingdom,Europe
Umm Al-Qura University ,Makkah,Saudi Arabia,Asia
 Western Sydney University,Milperra,Australia,Oceania
Amirkabir University of Technology,Tehran,"Iran, Islamic Republic of",Asia
Concordia University,Montreal,Canada,North America
National Technical University of Athens,Athens,Greece,Europe
University of Cyprus (UCY),Nicosia,Cyprus,Europe
V. N. Karazin Kharkiv National University,Kharkiv,Ukraine,Europe
Wayne State University,Detroit,United States,North America
Universität  Leipzig,Leipzig,Germany,Europe
"University of Missouri, Columbia",Columbia,United States,North America
Aberystwyth University,Aberystwyth,United Kingdom,Europe
Shandong University,Jinan,China (Mainland),Asia
University of Stirling,Stirling,United Kingdom,Europe
Chiba University,Chiba City,Japan,Asia
National Taipei University of Technology,Taipei City,Taiwan,Asia
Auezov South Kazakhstan University (SKU),Shymkent,Kazakhstan,Asia
Sogang University,Seoul,South Korea,Asia
Universidad de Montevideo (UM),Montevideo,Uruguay,Latin America
Chang Gung University,Taoyuan City,Taiwan,Asia
Far Eastern Federal University,Vladivostok,Russia,Europe
Jilin University,Changchun,China (Mainland),Asia
Southeast University,Nanjing,China (Mainland),Asia
UNESP,Sao Paulo,Brazil,Latin America
Universidad de La Habana,Havana,Cuba,Latin America
Oregon State University,Corvallis,United States,North America
Universidad de Alcalá,Alcalá de Henares,Spain,Europe
University of Eastern Finland,Kuopio,Finland,Europe
Christian-Albrechts-University zu Kiel,Kiel,Germany,Europe
East China Normal University,Shanghai,China (Mainland),Asia
Hitotsubashi University,Kunitachi City,Japan,Asia
The University of Georgia,Athens,United States,North America
University of Granada,Granada,Spain,Europe
Universidad de Santiago de Chile (USACH),Santiago,Chile,Latin America
Universidad de Zaragoza,Zaragoza,Spain,Europe
University of Balamand,Beirut,Lebanon,Asia
University of Connecticut,Storrs,United States,North America
University of Delhi,New Delhi,India,Asia
University of Szeged,Szeged,Hungary,Europe
Aston University,Birmingham,United Kingdom,Europe
Singapore Management University,Singapore,Singapore,Asia
Università Cattolica del Sacro Cuore,Milan,Italy,Europe
"University of Rome ""Tor Vergata""",Rome,Italy,Europe
Aix-Marseille University,Marseille,France,Europe
Université de Montpellier,Montpellier,France,Europe
University of Klagenfurt,Klagenfurt,Austria,Europe
University of Limerick,Limerick,Ireland,Europe
Warsaw University of Technology,Warsaw,Poland,Europe
Airlangga University,Surabaya,Indonesia,Asia
Imam Abdulrahman Bin Faisal University (IAU) (formerly UNIVERSITY OF DAMMAM),Dammam,Saudi Arabia,Asia
National Research Saratov State University,Saratov,Russia,Europe
Sabanci University,Istanbul,Turkey,Asia
University of Turin,Turin,Italy,Europe
University of Bayreuth,Bayreuth,Germany,Europe
University of Debrecen,Debrecen,Hungary,Europe
University of Milano-Bicocca ,Milan,Italy,Europe
University of Ulsan ,Ulsan,South Korea,Asia
Bogor Agricultural University,Bogor,Indonesia,Asia
Inha University,Incheon,South Korea,Asia
Justus-Liebig-University Giessen,Giessen,Germany,Europe
Masaryk University,Brno,Czech Republic,Europe
Nagasaki University,Nagasaki City,Japan,Asia
Northwestern Polytechnical University,Xi'an,China (Mainland),Asia
Sichuan University,Chengdu,China (Mainland),Asia
"Universidad Central ""Marta Abreu"" de Las Villas",Santa Clara,Cuba,Latin America
Universiti Utara Malaysia (UUM),Sintok,Malaysia,Asia
University of Texas Dallas,Richardson,United States,North America
York University,Toronto,Canada,North America
Coventry University,Coventry,United Kingdom,Europe
Institut National des Sciences Appliquées de Lyon (INSA),Lyon,France,Europe
Iowa State University,Ames,United States,North America
Niigata University,Niigata City,Japan,Asia
Osaka City University,Osaka City,Japan,Asia
Satbayev University,Almaty,Kazakhstan,Asia
Universität Bremen,Bremen,Germany,Europe
University Paris 2 Panthéon-Assas,,France,Europe
Saint Joseph University of Beirut (USJ) ,Beirut,Lebanon,Asia
University of Delaware,Newark,United States,North America
Ajou University ,Suwon,South Korea,Asia
Bar-Ilan University,Ramat Gan,Israel,Asia
Bilkent University,Ankara,Turkey,Asia
Hallym University ,Chuncheon,South Korea,Asia
Konkuk University ,Seoul,South Korea,Asia
Lebanese American University,Byblos,Lebanon,Asia
Lehigh University,Bethlehem,United States,North America
Management and Science University,Shah Alam,Malaysia,Asia
Technische Universität Braunschweig,Braunschweig,Germany,Europe
Université Paul Sabatier Toulouse III,Toulouse,France,Europe
Victoria University ,Melbourne,Australia,Oceania
Cairo University,Giza,Egypt,Africa
Kumamoto University,Kumamoto City,Japan,Asia
Kyungpook National University,Daegu,South Korea,Asia
The New School,New York,United States,North America
Thammasat University,Bangkok,Thailand,Asia
Universidad Externado de Colombia ,Bogotá,Colombia,Latin America
University of Nebraska - Lincoln,Lincoln,United States,North America
University of Pretoria,Pretoria,South Africa,Africa
Abo Akademi University,Turku,Finland,Europe
Altai State University,Barnaul,Russia,Europe
Aristotle University of Thessaloniki,Thessaloniki,Greece,Europe
China University of Geosciences,Wuhan,China (Mainland),Asia
"Lingnan University, Hong Kong",Hong Kong,Hong Kong SAR,Asia
Murdoch University,Murdoch,Australia,Oceania
Okayama University,Okayama City,Japan,Asia
Universidad de Costa Rica,San Jose,Costa Rica,Latin America
Universidad Panamericana (UP),Mexico City,Mexico,Latin America
University of Guelph,Guelph,Canada,North America
University of South Carolina,Columbia,United States,North America
Clark University,Worcester,United States,North America
Karl-Franzens-Universitaet Graz,Graz,Austria,Europe
"Kingston University, London",Kingston upon Thames,United Kingdom,Europe
National Chengchi University,Taipei City,Taiwan,Asia
Pusan National University,Busan,South Korea,Asia
Renmin (People's) University of China,Beijing,China (Mainland),Asia
Universidad de Sevilla,Seville,Spain,Europe
University of Aveiro,Aveiro,Portugal,Europe
University of South Florida,Tampa,United States,North America
Central Queensland University (CQUniversity Australia),Norman Gardens,Australia,Oceania
Dalian University of Technology,Dalian,China (Mainland),Asia
Jeonbuk National University,Jeonju,South Korea,Asia
Kanazawa University,Kanazawa,Japan,Asia
Kazakh National Agrarian University KazNAU,Almaty,Kazakhstan,Asia
Palacký University Olomouc,,Czech Republic,Europe
Samara National Research University (Samara University),Samara,Russia,Europe
Southern Federal University,Rostov-on-Don,Russia,Europe
Universitat de Valencia,València,Spain,Europe
University of Minho,Braga,Portugal,Europe
University of Tehran,Tehran,"Iran, Islamic Republic of",Asia
American University in Dubai,Dubai,United Arab Emirates,Asia
Ateneo de Manila University,Quezon City,Philippines,Asia
Bangor University,,United Kingdom,Europe
Carleton University,Ottawa,Canada,North America
Chiang Mai University,Chiang Mai,Thailand,Asia
Drexel University,Philadelphia,United States,North America
East China University of Science and Technology,Shanghai,China (Mainland),Asia
Eötvös Loránd University,Budapest,Hungary,Europe
Gifu University,Gifu City,Japan,Asia
Holy Spirit University of Kaslik ,Jounieh,Lebanon,Asia
Hunan University ,Changsha,China (Mainland),Asia
Indian Institute of Technology Hyderabad,Sangareddy,India,Asia
Instituto Tecnológico de Buenos Aires (ITBA),Buenos Aires,Argentina,Latin America
International Islamic University Malaysia (IIUM),Kuala Lumpur,Malaysia,Asia
Iran University of Science and Technology,Tehran,"Iran, Islamic Republic of",Asia
Ivane Javakhishvili Tbilisi State University,,Georgia,Asia
Jinan University (China),Guangzhou,China (Mainland),Asia
Abai Kazakh National Pedagogical University,Almaty,Kazakhstan,Asia
King Khalid University,Abha,Saudi Arabia,Asia
Free University of Bozen-Bolzano,Bolzano,Italy,Europe
Lobachevsky University,Nizhny Novgorod,Russia,Europe
Michigan Technological University,Houghton,United States,North America
Middle East Technical University,Ankara,Turkey,Asia
Missouri University of Science and Technology,Rolla,United States,North America
National Chung Hsing University,Taichung City,Taiwan,Asia
Shenzhen University,Shenzhen,China (Mainland),Asia
Smith College,Northampton,United States,North America
"Sofia University ""St. Kliment Ohridski""",Sofia,Bulgaria,Europe
Syracuse University,Syracuse,United States,North America
Taras Shevchenko National University of Kyiv,Kyiv,Ukraine,Europe
Tokushima University,Tokushima City,Japan,Asia
Tokyo University of Agriculture and Technology ,Tokyo,Japan,Asia
Ulster University,Coleraine,United Kingdom,Europe
Universidad de Concepción,Concepción,Chile,Latin America
University of Salamanca,Salamanca,Spain,Europe
Università degli Studi di Pavia,Pavia,Italy,Europe
Universitat Ramon Llull,Barcelona,Spain,Europe
Universität Regensburg,Regensburg,Germany,Europe
Université de Fribourg,Fribourg,Switzerland,Europe
Université du Québec,Québec,Canada,North America
Université Côte d'Azur,,France,Europe
University of Bradford,Bradford,United Kingdom,Europe
University of Cincinnati,Cincinnati,United States,North America
University of Hull,Hull,United Kingdom,Europe
University of Jordan,Amman,Jordan,Asia
University of Kentucky,Lexington,United States,North America
University of Ljubljana,Ljubljana,Slovenia,Europe
University of Manitoba,Winnipeg,Canada,North America
University of New Mexico,Albuquerque,United States,North America
University of Oregon,Eugene,United States,North America
University of Portsmouth,Portsmouth,United Kingdom,Europe
University of Sharjah,,United Arab Emirates,Asia
University of Vermont,Burlington,United States,North America
American University,Washington D.C.,United States,North America
Applied Science University - Bahrain,Al-Ekir,Bahrain,Asia
Beijing University of Technology,Beijing,China (Mainland),Asia
Bogaziçi Üniversitesi,Istanbul,Turkey,Asia
Brno University of Technology,Brno,Czech Republic,Europe
Central South University,,China (Mainland),Asia
City University of New York,New York City,United States,North America
Edith Cowan University ,Joondalup,Australia,Oceania
Howard University,Washington D.C.,United States,North America
Jadavpur University,Kolkata,India,Asia
Jordan University of Science & Technology,Irbid,Jordan,Asia
Kagoshima University,Kagoshima City,Japan,Asia
Lahore University of Management Sciences (LUMS),Lahore,Pakistan,Asia
Leibniz University Hannover,Hanover,Germany,Europe
National and Kapodistrian University of Athens,Athens,Greece,Europe
"National Technical University  ""Kharkiv Polytechnic Institute""",Kharkiv,Ukraine,Europe
Northumbria University at Newcastle,Newcastle upon Tyne,United Kingdom,Europe
O.P. Jindal Global University,Sonipat,India,Asia
Osaka Prefecture University ,Osaka City,Japan,Asia
Pavol Jozef Šafárik University in Košice,,Slovakia,Europe
Philipps-Universität Marburg ,Marburg,Germany,Europe
Pontifícia Universidade Católica do Rio de Janeiro,Rio de Janeiro,Brazil,Latin America
Savitribai Phule Pune University,Pune,India,Asia
Sejong University ,Seoul,South Korea,Asia
Soochow University,Suzhou,China (Mainland),Asia
Tallinn University of Technology (TalTech),Tallinn,Estonia,Europe
Tokyo Metropolitan University,Tokyo,Japan,Asia
Universidad Anáhuac México,Huixquilucan,Mexico,Latin America
Universidad de Antioquia,Medellin,Colombia,Latin America
Universidad ICESI,Cali,Colombia,Latin America
Universidad Nacional de La Plata (UNLP),La Plata,Argentina,Latin America
Universidad Pontificia Bolivariana ,Medellín,Colombia,Latin America
Universidad Pontificia Comillas,Madrid,Spain,Europe
Universidad Torcuato Di Tella,Buenos Aires,Argentina,Latin America
Universidade Federal de Minas Gerais      ,Belo Horizonte,Brazil,Latin America
University of Genoa,Genoa,Italy,Europe
University of Siena,Siena,Italy,Europe
University of Hohenheim,Stuttgart,Germany,Europe
Universiti Teknologi MARA - UiTM,Shah Alam,Malaysia,Asia
University of Denver,Denver,United States,North America
University of Hyderabad,Hyderabad,India,Asia
University of Massachusetts Boston,Boston,United States,North America
University of Mons ,Mons,Belgium,Europe
University of Oklahoma,Norman,United States,North America
University of Pecs,Pécs,Hungary,Europe
University of Plymouth,Plymouth,United Kingdom,Europe
University of Westminster,London,United Kingdom,Europe
Vilnius Gediminas Technical University,Vilnius ,Lithuania,Europe
Virginia Commonwealth University,Richmond,United States,North America
College of William and Mary,Williamsburg,United States,North America
Abu Dhabi University,Abu Dhabi,United Arab Emirates,Asia
Ajman University,Ajman,United Arab Emirates,Asia
Charles Darwin University ,Casuarina,Australia,Oceania
China Agricultural University ,Beijing,China (Mainland),Asia
Chonnam National University,Gwangju,South Korea,Asia
Comenius University in Bratislava,Bratislava,Slovakia,Europe
Gunma University,Maebashi,Japan,Asia
Instituto Politécnico Nacional (IPN),Ciudad de México,Mexico,Latin America
Instituto Tecnológico Autónomo de México (ITAM),Mexico City,Mexico,Latin America
Kansas State University ,Manhattan,United States,North America
Kaohsiung Medical University,Kaohsiung City,Taiwan,Asia
Keele University ,Keele,United Kingdom,Europe
Lebanese University,Beirut,Lebanon,Asia
Louisiana State University,Baton Rouge,United States,North America
Macau University of Science and Technology,,Macau SAR,Asia
Maynooth University,Maynooth,Ireland,Europe
Memorial University of Newfoundland,St. John's,Canada,North America
Mendel University in Brno,Brno,Czech Republic,Europe
Middlesex University,London,United Kingdom,Europe
Nanjing University of Science and Technology,Nanjing,China (Mainland),Asia
"National Technical University of Ukraine ""Igor Sikorsky Kyiv Polytechnic Institute""",Kyiv,Ukraine,Europe
Notre Dame University-Louaize NDU,Koura,Lebanon,Asia
Riga Technical University,Riga,Latvia,Europe
Saint Petersburg Electrotechnical University ETU-LETI,St. Petersburg,Russia,Europe
Southern Methodist University,Dallas,United States,North America
Stevens Institute of Technology,Hoboken,United States,North America
Sumy State University,Sumy,Ukraine,Europe
Sunway University,Petaling Jaya,Malaysia,Asia
Temple University,Philadelphia,United States,North America
Universidad Adolfo Ibáñez,Santiago,Chile,Latin America
Universidad de San Andrés - UdeSA,Buenos Aires,Argentina,Latin America
Universidad Iberoamericana IBERO,Mexico City,Mexico,Latin America
Universidad Peruana Cayetano Heredia (UPCH),San Martin,Peru,Latin America
Universidade de Santiago de Compostela,Santiago de Compostela,Spain,Europe
Universidade Federal do Rio Grande Do Sul ,Porto Alegre,Brazil,Latin America
University of Trieste,Trieste,Italy,Europe
Universität Rostock,Rostock,Germany,Europe
Université Claude Bernard Lyon 1,Villeurbanne,France,Europe
Université de Sherbrooke,Sherbrooke,Canada,North America
Universiti Tenaga Nasional (UNITEN),Kajang,Malaysia,Asia
University of Central Florida,Orlando,United States,North America
University of Electronic Science and Technology of China,Chengdu,China (Mainland),Asia
University of Greenwich,,United Kingdom,Europe
University of Haifa,Haifa,Israel,Asia
University of Houston,Houston,United States,North America
University of Huddersfield,Huddersfield,United Kingdom,Europe
"University of Maryland, Baltimore County",Baltimore,United States,North America
University of Southern Queensland ,Toowoomba,Australia,Oceania
Worcester Polytechnic Institute,Worcester,United States,North America
Zayed University,Dubai,United Arab Emirates,Asia
Beijing Jiaotong University,Beijing,China (Mainland),Asia
Bournemouth University,Poole,United Kingdom,Europe
Chongqing University,Chongqing,China (Mainland),Asia
Chungnam National University,Daejeon,South Korea,Asia
Clarkson University,Potsdam,United States,North America
Dankook University ,Seoul,South Korea,Asia
Florida International University,Miami,United States,North America
Georgia State University,Atlanta,United States,North America
Indiana University–Purdue University Indianapolis,Indianapolis,United States,North America
Istanbul Technical University,Maslak-Istanbul,Turkey,Asia
Jamia Millia Islamia,,India,Asia
Kazakh-British Technical University,Almaty,Kazakhstan,Asia
NJSC KIMEP University,Almaty,Kazakhstan,Asia
London South Bank University,London,United Kingdom,Europe
"Manipal Academy of Higher Education, Manipal, Karnataka, India",Manipal,India,Asia
New Jersey Institute of Technology (NJIT),Newark,United States,North America
Northwest University (China),Xi'an,China (Mainland),Asia
Nottingham Trent University,Nottingham,United Kingdom,Europe
Oklahoma State University ,Stillwater,United States,North America
Paris Lodron University of Salzburg,Salzburg ,Austria,Europe
Plekhanov Russian University of Economics,Moscow,Russia,Europe
Politecnico di Bari,Bari,Italy,Europe
Prince Mohammad Bin Fahd university,,Saudi Arabia,Asia
Universitat Rovira i Virgili,Tarragona,Spain,Europe
Rutgers University–Newark,Newark,United States,North America
Institut Teknologi Sepuluh Nopember (ITS Surabaya),Surabaya,Indonesia,Asia
Southern Cross University ,Lismore,Australia,Oceania
Technical University of Liberec,Liberec,Czech Republic,Europe
Tokyo University of Science,Kagurazaka,Japan,Asia
Universidad Central de Venezuela,Caracas,Venezuela,Latin America
Universidad de Guadalajara (UDG),Guadalajara,Mexico,Latin America
Universidad de La Sabana,Bogotá,Colombia,Latin America
Universidad San Francisco de Quito (USFQ),Quito,Ecuador,Latin America
University of the Basque Country,Leioa,Spain,Europe
Universidad del Rosario,Bogotá,Colombia,Latin America
Ca' Foscari University of Venice ,Venice,Italy,Europe
University of Modena and Reggio Emilia,Modena,Italy,Europe
Università degli Studi di Perugia,Perugia,Italy,Europe
Universität Duisburg-Essen,Duisburg,Germany,Europe
University Duesseldorf,Düsseldorf,Germany,Europe
Université de Lille,,France,Europe
Universiti Malaysia Pahang,Kuantan,Malaysia,Asia
University at Albany SUNY,Albany,United States,North America
University of Brescia,Brescia,Italy,Europe
University of Patras,Patras,Greece,Europe
University of Seoul ,Seoul,South Korea,Asia
University of Tulsa,Tulsa,United States,North America
University of Windsor,Windsor,Canada,North America
"Adam Mickiewicz University, Poznań",Poznań,Poland,Europe
American University of the Middle East,Egaila,Kuwait,Asia
AGH University of Science and Technology,Krakow,Poland,Europe
Ain Shams University ,Cairo,Egypt,Africa
Alexandria University ,Alexandria,Egypt,Africa
Aligarh Muslim University,Aligarh,India,Asia
Amrita Vishwa Vidyapeetham,Amritapuri,India,Asia
Ankara Üniversitesi,Ankara,Turkey,Asia
Anna University,Chennai,India,Asia
Athens University of Economics and Business,Athens,Greece,Europe
Auburn University,Auburn,United States,North America
Australian Catholic University,Melbourne,Australia,Oceania
Babes-Bolyai University,Cluj-Napoca,Romania,Europe
Banaras Hindu University,Varanasi,India,Asia
Bangladesh University of Engineering and Technology,Dhaka,Bangladesh,Asia
Baylor University,Waco,United States,North America
Beijing Foreign Studies University,Beijing,China (Mainland),Asia
Beirut Arab University ,Beirut,Lebanon,Asia
Belarusian National Technical University (BNTU),Minsk,Belarus,Europe
Bina Nusantara University (BINUS),Jakarta,Indonesia,Asia
Binghamton University SUNY,Binghamton,United States,North America
Birmingham City University ,Birmingham,United Kingdom,Europe
Budapest University of Technology and Economics,Budapest,Hungary,Europe
Charles Sturt University ,Thurgoona,Australia,Oceania
Clemson University,Clemson,United States,North America
COMSATS University Islamabad,Islamabad,Pakistan,Asia
Corvinus University of Budapest,Budapest,Hungary,Europe
Cracow University of Technology (Politechnika Krakowska),Krakow,Poland,Europe
Czech University of Life Sciences in Prague,,Czech Republic,Europe
De La Salle University,Manila,Philippines,Asia
De Montfort University,Leicester,United Kingdom,Europe
Edinburgh Napier University,Edinburgh,United Kingdom,Europe
Escuela Politécnica Nacional,,Ecuador,Latin America
Fordham University ,New York City,United States,North America
Gdańsk University of Technology,Gdańsk,Poland,Europe
George Mason University,Fairfax,United States,North America
German Jordanian University,,Jordan,Asia
Glasgow Caledonian University,London,United Kingdom,Europe
Gulf University for Science and Technology,Kuwait City,Kuwait,Asia
Hacettepe University ,Ankara,Turkey,Asia
Harbin Engineering University,Harbin,China (Mainland),Asia
Islamic University of Madinah,Medina,Saudi Arabia,Asia
Istanbul University,Istanbul,Turkey,Asia
Karaganda State Technical University,Karaganda,Kazakhstan,Asia
Kasetsart University,Bangkok,Thailand,Asia
Kaunas University of Technology,Kaunas,Lithuania,Europe
Kazakh Ablai Khan University of International Relations and World Languages,Almaty,Kazakhstan,Asia
Kent State University,Kent,United States,North America
Khon Kaen University,Khon Kaen,Thailand,Asia
King Faisal University,Hofuf,Saudi Arabia,Asia
King Mongkut's University of Technology Thonburi ,Bangkok,Thailand,Asia
Kuwait University,Kuwait City,Kuwait,Asia
Kyoto Institute of Technology,Kyoto,Japan,Asia
Kyushu Institute of Technology ,Kitakyushu,Japan,Asia
Lanzhou University,Lanzhou,China (Mainland),Asia
Liverpool John Moores University,Liverpool ,United Kingdom,Europe
Lodz University of Technology,Lodz,Poland,Europe
London Metropolitan University,London,United Kingdom,Europe
Loyola University Chicago,Chicago,United States,North America
Manchester Metropolitan University (MMU),Manchester ,United Kingdom,Europe
Multimedia University (MMU),Cyberjaya,Malaysia,Asia
Nagoya Institute of Technology (NIT),Nagoya,Japan,Asia
National Chung Cheng University,Minxiong Township,Taiwan,Asia
Lviv Polytechnic National University,,Ukraine,Europe
Nicolaus Copernicus University ,Toruń,Poland,Europe
Novosibirsk State Technical University,Novosibirsk,Russia,Europe
Ohio University,Athens,United States,North America
Universitas Padjadjaran,Bandung,Indonesia,Asia
Perm State National Research University,Perm,Russia,Europe
Pontificia Universidad Católica de Valparaíso,Valparaíso,Chile,Latin America
Pontificia Universidad Católica del Ecuador (PUCE),Quito,Ecuador,Latin America
Pontifícia Universidade Católica de São Paulo,São Paulo,Brazil,Latin America
Poznań University of Technology,,Poland,Europe
Prince of Songkla University,Hat Yai,Thailand,Asia
Princess Nourah bint Abdulrahman University,,Saudi Arabia,Asia
Princess Sumaya University for Technology,Amman,Jordan,Asia
"Queen Margaret University , Edinburgh",Musselburgh,United Kingdom,Europe
Rhodes University ,Grahamstown,South Africa,Africa
Riga Stradins University,Riga,Latvia,Europe
Ritsumeikan University,Kyoto,Japan,Asia
Ryerson University,Toronto,Canada,North America
Saitama University,Saitama City,Japan,Asia
San Diego State University,San Diego ,United States,North America
Shanghai International Studies University,Shanghai,China (Mainland),Asia
Sheffield Hallam University,,United Kingdom,Europe
Shinshu University ,Matsumoto City,Japan,Asia
Shiraz University,Shiraz,"Iran, Islamic Republic of",Asia
Silesian University of Technology,Gliwice,Poland,Europe
Slovak University of Technology in Bratislava,Bratislava,Slovakia,Europe
Sophia University ,Tokyo,Japan,Asia
South Ural State University (National Research University),Chelyabinsk,Russia,Europe
Szent Istvan University,Budapest,Hungary,Europe
Tallinn University ,Tallinn,Estonia,Europe
Technical University of Kosice,Košice,Slovakia,Europe
TU Dortmund University,Dortmund,Germany,Europe
Technological University Dublin,Dublin,Ireland,Europe
Tecnológico de Costa Rica -TEC,Cartago,Costa Rica,Latin America
Texas Tech University,Lubbock,United States,North America
Robert Gordon University,Aberdeen,United Kingdom,Europe
Russian Presidential Academy of National Economy and Public Administration,Moscow,Russia,Europe
Tokai University,Hiratsuka City,Japan,Asia
Universidad Austral de Chile,Valdivia,Chile,Latin America
Universidad Autónoma de Chapingo,Texcoco,Mexico,Latin America
Universidad Autónoma del Estado de México (UAEMex),Toluca de Lerdo,Mexico,Latin America
Universidad Autónoma Metropolitana (UAM),Mexico City,Mexico,Latin America
Universidad Católica Andres Bello,Guayana City,Venezuela,Latin America
Universidad Católica del Uruguay (UCU),Montevideo,Uruguay,Latin America
University of Alicante,Alicante,Spain,Europe
Universidad de la República (Udelar),Montevideo,Uruguay,Latin America
Universidad de las Américas Puebla (UDLAP),Cholula,Mexico,Latin America
Universidad de los Andes - Chile,Santiago,Chile,Latin America
Universidad de Los Andes - (ULA) Mérida,Merida,Venezuela,Latin America
University of Murcia,Murcia,Spain,Europe
Universidad de Oviedo,Oviedo,Spain,Europe
Universidad del Valle,Cali,Colombia,Latin America
Universidad Diego Portales (UDP),Santiago,Chile,Latin America
Universidad EAFIT,Medellin,Colombia,Latin America
Universidad Nacional Costa Rica,Heredia,Costa Rica,Latin America
Universidad Nacional de Córdoba - UNC,Córdoba,Argentina,Latin America
Universidad Nacional de Rosario (UNR),Rosario,Argentina,Latin America
Universidad Nacional de San Luis,San Luis ,Argentina,Latin America
Universidad Nacional Mayor de San Marcos,Lima,Peru,Latin America
Universidad Simón Bolívar (USB),Caracas,Venezuela,Latin America
Universidad Técnica Federico Santa María (USM),Valparaíso,Chile,Latin America
Universidad Tecnológica de Panamá (UTP),Panama City,Panama,Latin America
Universidad Tecnológica Nacional (UTN),Buenos Aires,Argentina,Latin America
Universidade Católica Portuguesa - UCP,Lisbon,Portugal,Europe
Universidade da Coruña ,A Coruña,Spain,Europe
Universidade de Brasília,Brasília,Brazil,Latin America
Universidade Federal de Santa Catarina ,Florianópolis,Brazil,Latin America
Universidade Federal de São Carlos (UFSCar),São Paulo,Brazil,Latin America
Universidade Federal do Paraná - UFPR,Curitiba,Brazil,Latin America
Universidade Federal de Pernambuco (UFPE) ,Recife,Brazil,Latin America
Catania University,Catania,Italy,Europe
Universita' degli Studi di Ferrara,Ferrara,Italy,Europe
University of Salerno,Fisciano,Italy,Europe
Università degli Studi di Udine,Udine,Italy,Europe
Università degli studi Roma Tre,Rome,Italy,Europe
University of Calabria,Rende,Italy,Europe
Universita' Politecnica delle Marche,Ancona,Italy,Europe
University of Palermo,Palermo,Italy,Europe
Bielefeld University,Bielefeld,Germany,Europe
Universität Potsdam,Potsdam,Germany,Europe
Université de Lorraine,Nancy,France,Europe
Université de Nantes,Nantes,France,Europe
Université de Rennes 1,Rennes,France,Europe
Université de Versailles Saint-Quentin-en-Yvelines (UVSQ),Versailles,France,Europe
Paul Valéry University Montpellier,Montpellier,France,Europe
Université Toulouse 1 Capitole,Toulouse,France,Europe
Universiti Malaysia Sarawak (UNIMAS),Kuching,Malaysia,Asia
Universiti Tunku Abdul Rahman (UTAR),Sungai Long,Malaysia,Asia
Universiti Malaysia Perlis,Kangar,Malaysia,Asia
The University of Alabama,Tuscaloosa,United States,North America
University of Baghdad,Baghdad,Iraq,Asia
University of Bahrain,Zallaq,Bahrain,Asia
University of Bari,Bari,Italy,Europe
University of Brighton,,United Kingdom,Europe
University of Bucharest,Bucharest,Romania,Europe
University of Calcutta,Kolkata,India,Asia
University of Central Lancashire,Preston,United Kingdom,Europe
University of Crete,Heraklion,Greece,Europe
University of Dhaka,Dhaka,Bangladesh,Asia
University of East London,London,United Kingdom,Europe
University of Engineering & Technology (UET) Lahore,Lahore,Pakistan,Asia
UNIVERSITY OF GDANSK,Gdańsk,Poland,Europe
University of Hertfordshire,Hatfield,United Kingdom,Europe
University of Kufa,Kufa,Iraq,Asia
University of Kwazulu-Natal,Pinetown,South Africa,Africa
University of Latvia,Riga,Latvia,Europe
University of Lincoln,Lincoln,United Kingdom,Europe
University of Lodz,Lodz,Poland,Europe
Universiti Malaysia Sabah (UMS),Kota Kinabalu,Malaysia,Asia
University of Malta,Msida,Malta,Europe
University of Maribor,Maribor,Slovenia,Europe
University of Miskolc ,Miskolc,Hungary,Europe
University of Mississippi,Oxford,United States,North America
University of New England Australia,Armidale,Australia,Oceania
University of New Hampshire,Durham,United States,North America
University of Pardubice,Pardubice,Czech Republic,Europe
University of Parma,Parma,Italy,Europe
University of Rijeka,,Croatia,Europe
University of Salford,Salford,United Kingdom,Europe
University of San Diego,San Diego,United States,North America
University of Santo Tomas,Manila,Philippines,Asia
University of the Pacific,Stockton,United States,North America
University of the Punjab,Lahore,Pakistan,Asia
University of the West of England,Bristol,United Kingdom,Europe
University of Wroclaw,Wroclaw,Poland,Europe
University of Wyoming,Laramie,United States,North America
University of Zagreb,Zagreb,Croatia,Europe
Utah State University ,Logan,United States,North America
Verona University,Verona,Italy,Europe
Viet Nam National University Ho Chi Minh City (VNU-HCM),Ho Chi Minh City,Vietnam,Asia
"Vietnam National University, Hanoi ",Hanoi,Vietnam,Asia
Vytautas Magnus University,Kaunas,Lithuania,Europe
Wroclaw University of Science and Technology (WRUST),Wroclaw ,Poland,Europe
Wuhan University of Technology,Wuhan,China (Mainland),Asia
Xi'an Jiaotong Liverpool University,Suzhou,China (Mainland),Asia
Yamaguchi University ,Yamaguchi City,Japan,Asia
Yeungnam University ,Gyeongsan,South Korea,Asia
Yokohama National University,Yokohama City,Japan,Asia
Al-Azhar University,Cairo,Egypt,Africa
Alexandru Ioan Cuza University,Iași,Romania,Europe
Amity University,Noida,India,Asia
An-Najah National University,Nablus,"Palestinian Territory, Occupied",Asia
Aoyama Gakuin University,Tokyo,Japan,Asia
Assiut University ,Asyut,Egypt,Africa
Azerbaijan State University of Economics,Baku,Azerbaijan,Asia
Baku State University,Baku,Azerbaijan,Asia
Baylor College of Medicine,Houston,United States,North America
Belarusian State University of Informatics and Radioelectronics,Minsk,Belarus,Europe
Benemérita Universidad Autónoma de Puebla,Puebla,Mexico,Latin America
BI Norwegian Business School,Oslo,Norway,Europe
"Birla Institute of Technology and Science, Pilani",Pilani,India,Asia
Birzeit university,Birzeit,"Palestinian Territory, Occupied",Asia
Brigham Young University,Provo,United States,North America
Canterbury Christ Church University,Bexleyheath,United Kingdom,Europe
Central European University,Vienna,Austria,Europe
Chung Yuan Christian University,Taoyuan City,Taiwan,Asia
Copenhagen Business School,Frederiksberg,Denmark,Europe
Cranfield University,Bedford,United Kingdom,Europe
Damascus University,Damascus,Syrian Arab Republic,Asia
Diponegoro University,Semarang,Indonesia,Asia
Dokuz Eylül Üniversitesi,Izmir,Turkey,Asia
Doshisha University,Kyoto,Japan,Asia
Academician Y.A. Buketov Karaganda University,Karaganda,Kazakhstan,Asia
EGE UNIVERSITY,İzmir,Turkey,Asia
ESCP Business School - Paris,Paris,France,Europe
Escuela Superior Politécnica del Litoral (ESPOL),Guayaquil,Ecuador,Latin America
ESSEC Business School,Cergy,France,Europe
Feng Chia University,Taichung City,Taiwan,Asia
Fu Jen Catholic University,New Taipei City,Taiwan,Asia
Gazi Üniversitesi,Ankara,Turkey,Asia
German University in Cairo,Cairo,Egypt,Africa
Institut polytechnique de Grenoble - Grenoble Institute of Technology,Grenoble,France,Europe
Hanoi University of Science and Technology,Hanoi,Vietnam,Asia
HEC Paris School of Management,Paris,France,Europe
Helwan University ,Helwan,Egypt,Africa
IMT Atlantique,Nantes,France,Europe
INSEAD,Fontainebleau,France,Europe
Izmir Institute of Technology (IZTECH),Izmir,Turkey,Asia
Jamia Hamdard,New Delhi,India,Asia
Jawaharlal Nehru University,New Delhi,India,Asia
Karolinska Institutet,Stockholm,Sweden,Europe
King Abdullah University of Science & Technology (KAUST),Thuwal,Saudi Arabia,Asia
King Mongkut's Institute of Technology Ladkrabang,Bangkok,Thailand,Asia
Leeds Beckett University,Leeds,United Kingdom,Europe
London Business School,London,United Kingdom,Europe
Makerere University,Kampala,Uganda,Africa
Mansoura University,Mansoura ,Egypt,Africa
Marquette University,Milwaukee,United States,North America
Meiji University,Tokyo,Japan,Asia
Miami University,Oxford,United States,North America
Mustansiriyah University,Baghdad,Iraq,Asia
National Dong Hwa University,Hualien City,Taiwan,Asia
National Taiwan Ocean University,Keelung City,Taiwan,Asia
National University of Kyiv-Mohyla Academy (NaUKMA),,Ukraine,Europe
North-West University,Potchefstroom,South Africa,Africa
Northern Arizona University,Flagstaff,United States,North America
Panjab University,Chandigarh,India,Asia
S. Toraighyrov Pavlodar State University,Pavlodar,Kazakhstan,Asia
Pontifícia Universidade Católica do Rio Grande do Sul (PUCRS),Porto Alegre,Brazil,Latin America
Rikkyo University,Tokyo,Japan,Asia
Russian State University for the Humanities ,Moscow,Russia,Europe
Saken Seifullin Kazakh Agrotechnical University,Nur-Sultan,Kazakhstan,Asia
Scuola Normale Superiore,Pisa,Italy,Europe
Sant'Anna - Scuola Universitaria Superiore Pisa,Pisa,Italy,Europe
Seoul National University of Science and Technology,Seoul,South Korea,Asia
Shahid Beheshti University (SBU),Tehran,"Iran, Islamic Republic of",Asia
"Siberian Federal University, SibFU",Krasnoyarsk,Russia,Europe
"St George's, University of London",London,United Kingdom,Europe
Saint-Petersburg Mining University,St. Petersburg,Russia,Europe
Stockholm School of Economics,,Sweden,Europe
Suranaree University of Technology ,Nakhon Ratchasima ,Thailand,Asia
Tamkang University,New Taipei City,Taiwan,Asia
Technical University of Cluj-Napoca,,Romania,Europe
VSB - Technical University of Ostrava,Ostrava,Czech Republic,Europe
TELECOM Paris,Paris,France,Europe
Thapar Institute of Engineering & Technology,Patiala,India,Asia
"The ""Gheorghe Asachi"" Technical University of Iasi",Iași,Romania,Europe
The Hashemite University,Zarqa,Jordan,Asia
Ton Duc Thang University,Ho Chi Minh City,Vietnam,Asia
Tunghai University,Taichung City,Taiwan,Asia
Universidad Andrés Bello,Santiago,Chile,Latin America
Universidad Autónoma de Baja California,Baja California,Mexico,Latin America
Universidad Autónoma de Chile,,Chile,Latin America
Universidad Autónoma de Nuevo León,San Nicolás de los Garza,Mexico,Latin America
Universidad Autónoma de Querétaro (UAQ),Querétaro,Mexico,Latin America
Universidad Autónoma de San Luis de Potosí,San Luis Potosí,Mexico,Latin America
Universidad Autonoma de Yucatan,Mérida,Mexico,Latin America
Universidad Autónoma del Estado de Morelos (UAEM),Cuernavaca,Mexico,Latin America
"Universidad Católica Boliviana ""San Pablo""",La Paz,Bolivia,Latin America
Universidad Católica de Colombia ,Bogotá,Colombia,Latin America
Católica de Córdoba,Córdoba,Argentina,Latin America
Universidad Católica del Norte,Antofagasta,Chile,Latin America
Universidad Central del Ecuador,Quito,Ecuador,Latin America
Universidad de Castilla-La Mancha,Ciudad Real,Spain,Europe
Universidad de Guanajuato,Guanajuato,Mexico,Latin America
Universidad de La Frontera (UFRO),Temuco,Chile,Latin America
Universidad de La Salle,Bogotá,Colombia,Latin America
Universidad de las Fuerzas Armadas ESPE (Ex - Escuela Politécnica del Ejército),Sangolquí,Ecuador,Latin America
Universidad de Lima,Lima,Peru,Latin America
Universidad de Medellín,Medellin,Colombia,Latin America
Universidad de Monterrey (UDEM),San Pedro Garza García,Mexico,Latin America
Universidad de Panamá - UP,Panama City,Panama,Latin America
Universidad de Puerto Rico,San Juan,Puerto Rico,Latin America
Universidad de Sonora,Hermosillo,Mexico,Latin America
Universidad de Talca,Talca,Chile,Latin America
Universidad de Valparaíso (UV),Valparaíso,Chile,Latin America
Universidad del Bío-Bío,Concepción,Chile,Latin America
Universidad del Desarrollo (UDD),Santiago,Chile,Latin America
Universidad del Norte ,Barranquilla,Colombia,Latin America
Universidad del Pacífico,Jesús María,Peru,Latin America
Universidad Industrial de Santander - UIS,Bucaramanga,Colombia,Latin America
Universidad Mayor de San Andrés (UMSA),La Paz,Bolivia,Latin America
Universidad Metropolitana,Caracas,Venezuela,Latin America
Universidad Nacional Agraria la Molina,Lima,Peru,Latin America
Universidad Nacional de la Asunción,San Lorenzo,Paraguay,Latin America
Universidad Nacional de Cuyo,Mendoza,Argentina,Latin America
Universidad Nacional de Mar del Plata,Mar del Plata,Argentina,Latin America
Universidad Nacional de Quilmes,Bernal,Argentina,Latin America
Universidad Nacional de San Martín (UNSAM),Buenos Aires,Argentina,Latin America
Universidad Nacional de Tucumà¡n,San Miguel de Tucumán,Argentina,Latin America
Universidad Nacional del Litoral,Santa Fe,Argentina,Latin America
Universidad Nacional del Sur,Bahia Blanca,Argentina,Latin America
Universidad Peruana de Ciencias Aplicadas,Lima,Peru,Latin America
Universidad Rey Juan Carlos,Alcorcón,Spain,Europe
Universidade de Vigo,,Spain,Europe
Universidade do Estado do Rio de Janeiro (UERJ),Rio de Janeiro,Brazil,Latin America
Universidade Estadual de Londrina,Londrina,Brazil,Latin America
Universidade Federal da Bahia,Salvador,Brazil,Latin America
Universidade Federal de Santa Maria,Frederico Westphalen,Brazil,Latin America
Universidade Federal de Viçosa (UFV),Viçosa,Brazil,Latin America
Universidade Federal do Ceará (UFC),Fortaleza,Brazil,Latin America
Universidade Federal Fluminense ,Rio de Janeiro,Brazil,Latin America
Bocconi University,Milan,Italy,Europe
Universitas Muhammadiyah Surakarta,Surakarta,Indonesia,Asia
Universität Siegen,Siegen,Germany,Europe
Université de Caen Normandie,Caen,France,Europe
Université de Poitiers,Poitiers,France,Europe
Université de Technologie de Compiègne (UTC),Compiègne,France,Europe
Université Jean Moulin Lyon 3,Lyon,France,Europe
Université Lumière Lyon 2,Lyon,France,Europe
Université Mohammed V de Rabat,Rabat,Morocco,Africa
Université Paris-Nanterre,Paris,France,Europe
Universiti Malaysia Terengganu (UMT),Kuala Terengganu,Malaysia,Asia
Università degli studi di Bergamo,Bergamo,Italy,Europe
"University of Agriculture, Faisalabad ",Faisalabad,Pakistan,Asia
University of Arkansas Fayetteville ,Fayetteville,United States,North America
University of Babylon,Hillah,Iraq,Asia
University of Basrah,Basrah,Iraq,Asia
University of Belgrade,Belgrade,Serbia,Europe
Universitas Brawijaya ,Malang ,Indonesia,Asia
"University of California, San Francisco",San Francisco,United States,North America
University of Colombo,Horana,Sri Lanka,Asia
Prague University of Economics and Business,Prague,Czech Republic,Europe
University of Ghana,Legon,Ghana,Africa
University of Karachi,Karachi,Pakistan,Asia
The University of Lahore,Lahore,Pakistan,Asia
University of Montana Missoula ,Missoula ,United States,North America
University of Mumbai,Mumbai,India,Asia
University of Nairobi,Nairobi,Kenya,Africa
University of Niš,,Serbia,Europe
University of Novi Sad,Novi Sad,Serbia,Europe
University of Ostrava,Ostrava,Czech Republic,Europe
University of Peradeniya ,Peradeniya,Sri Lanka,Asia
University of San Francisco,San Francisco,United States,North America
University of Sarajevo ,Sarajevo,Bosnia and Herzegovina,Europe
University of Silesia in Katowice,Katowice,Poland,Europe
University of Split,Split,Croatia,Europe
University of the Arts London,London,United Kingdom,Europe
University of the Western Cape,Cape Town,South Africa,Africa
University of West Bohemia ,Plzen,Czech Republic,Europe
University POLITEHNICA of Bucharest,Bucharest,Romania,Europe
Université de Toulouse II-Le Mirail,Toulouse,France,Europe
Vellore Institute of Technology (VIT),Vellore,India,Asia
Voronezh State University,Voronezh ,Russia,Europe
Warsaw University of Life Sciences – SGGW (WULS-SGGW),Warsaw,Poland,Europe
Weizmann Institute of Science,Rehovot,Israel,Asia
Universitatea de Vest din Timisoara /  West University of Timisoara,Timișoara,Romania,Europe
WHU - Otto Beisheim School of Management ,Vallendar,Germany,Europe
Yarmouk University,Irbid,Jordan,Asia
Yildiz Technical University,Istanbul,Turkey,Asia
